<?xml version="1.0" encoding="UTF-8"?>
<beans xmlns="http://www.springframework.org/schema/beans"
	xmlns:xsi="http://www.w3.org/2001/XMLSchema-instance" xmlns:context="http://www.springframework.org/schema/context"
	xmlns:tx="http://www.springframework.org/schema/tx" xmlns:aop="http://www.springframework.org/schema/aop"
	xsi:schemaLocation="
        http://www.springframework.org/schema/beans
        http://www.springframework.org/schema/beans/spring-beans.xsd
        http://www.springframework.org/schema/context
        http://www.springframework.org/schema/context/spring-context.xsd
        http://www.springframework.org/schema/tx 
        http://www.springframework.org/schema/tx/spring-tx.xsd
        http://www.springframework.org/schema/aop 
        http://www.springframework.org/schema/aop/spring-aop.xsd">

	<alias name="dataSource" alias="securityDataSource"/>
	<bean id="dataSource" class="org.apache.commons.dbcp2.BasicDataSource"
		destroy-method="close">
		<!-- Connection Info -->
		<property name="driverClassName" value="com.mysql.jdbc.Driver" />
		<property name="url"
			value="jdbc:mysql://localhost:3306/demo1?useUnicode=true&amp;characterEncoding=utf-8" />
		<property name="username" value="root" />
		<property name="password" value="root" />

		<!-- Connection Pooling Info -->
		<!-- <property name="maxActive" value="${dbcp.maxActive}" /> -->
		<property name="maxIdle" value="100" />
		<property name="defaultAutoCommit" value="false" />
		<!-- 连接Idle一个小时后超时 -->
		<property name="timeBetweenEvictionRunsMillis" value="3600000" />
		<property name="minEvictableIdleTimeMillis" value="3600000" />
	</bean>
	
	<!-- jdbc template -->
	<bean id="jdbcTemplate" class="org.springframework.jdbc.core.JdbcTemplate">
		<property name="dataSource" ref="dataSource"></property>
	</bean>

	<bean id="sessionFactory"
		class="org.springframework.orm.hibernate5.LocalSessionFactoryBean"
		lazy-init="false">
		<!-- 注入datasource，给sessionfactoryBean内setDatasource提供数据源 -->
		<property name="dataSource" ref="dataSource" />

		<property name="hibernateProperties">
			<props>
				<prop key="hibernate.dialect">org.hibernate.dialect.MySQL5Dialect</prop>
				<prop key="hibernate.hbm2ddl.auto">update</prop>
			</props>
		</property>

		<!-- //加载实体类的映射文件位置及名称 -->
		<property name="packagesToScan">
			<list>
				<value>com.tim.spring.model</value>
			</list>
		</property>

	</bean>

	<bean id="transactionManager"
		class="org.springframework.orm.hibernate5.HibernateTransactionManager">
		<property name="autodetectDataSource" value="false" />
		<property name="sessionFactory" ref="sessionFactory" />
	</bean>

<!-- 两种方式 注入 spring 事务 -->
<!-- 1.	<tx:annotation-driven transaction-manager="transactionManager"/> 
	-->
	
	<!-- 2. xml -->
	<tx:advice id="txAdvice" transaction-manager="transactionManager">
		<tx:attributes>
			<tx:method name="save*" propagation="REQUIRED" />
			<tx:method name="update*" propagation="REQUIRED" />
			<tx:method name="delete*" propagation="REQUIRED" />
			<tx:method name="*" read-only="true" />
		</tx:attributes>
	</tx:advice>
	<aop:config expose-proxy="true">
		<aop:pointcut id="txPointcut"
			expression="execution(* com.tim.spring.service.*.*(..))" />
		<aop:advisor pointcut-ref="txPointcut" advice-ref="txAdvice" />
	</aop:config>

	<!-- common dao -->
	<bean id="commonDAO" class="com.tim.spring.common.dao.CommonDAO">
		<property name="sessionFactory" ref="sessionFactory"></property>
		<property name="jdbcTemplate" ref="jdbcTemplate"></property>
	</bean>
	
</beans>