<?xml version="1.0" encoding="UTF-8"?>
<beans xmlns="http://www.springframework.org/schema/beans"
	xmlns:xsi="http://www.w3.org/2001/XMLSchema-instance" xmlns:context="http://www.springframework.org/schema/context"
	xmlns:mvc="http://www.springframework.org/schema/mvc" xmlns:aop="http://www.springframework.org/schema/aop"
	xsi:schemaLocation="http://www.springframework.org/schema/beans
        http://www.springframework.org/schema/beans/spring-beans.xsd
        http://www.springframework.org/schema/context
        http://www.springframework.org/schema/context/spring-context.xsd
        http://www.springframework.org/schema/aop
        http://www.springframework.org/schema/aop/spring-aop.xsd
        http://www.springframework.org/schema/mvc
        http://www.springframework.org/schema/mvc/spring-mvc.xsd">

	<context:component-scan base-package="com.tim.spring.controller" />
	<mvc:annotation-driven/>
	
	<!-- 静态资源不走spring,直接去 location这个地址去访问 -->
	<mvc:resources location="/ui/" mapping="/ui/**"/>
	
	<bean id="jspViewResolver"
		class="org.springframework.web.servlet.view.InternalResourceViewResolver">
		<!-- 加这个，就要加入jstl.jar -->
		 <property name="viewClass"
			value="org.springframework.web.servlet.view.JstlView" />
		<property name="prefix" value="/WEB-INF/views/" />
		<property name="suffix" value=".jsp" />
	</bean>
	
	<!-- 国际化 -->
	<bean id="messageSource"
            class="org.springframework.context.support.ResourceBundleMessageSource">
        <property name="basenames">
            <list>
                <value>messages_zh.properties</value>
            </list>
        </property>
        <property name="defaultEncoding" value="UTF-8"/>
        <property name="cacheSeconds" value="1"/>
		<property name="fallbackToSystemLocale" value="false"/>
		<property name="useCodeAsDefaultMessage" value="true" /> 
    </bean>
    
</beans>